﻿<parameters>
  <parameter name="IIS Web Application Name" defaultValue="Default Web Site/WebShopping" tags="IisApp">
    <parameterEntry kind="ProviderPath" scope="IisApp" match="^C:\\Users\\work\\Documents\\Visual\ Studio\ 2010\\Projects\\学習\\WebShopping\\WebShopping\\obj\\Release\\Package\\PackageTmp$" />
    <parameterEntry kind="ProviderPath" scope="setAcl" match="^C:\\Users\\work\\Documents\\Visual\ Studio\ 2010\\Projects\\学習\\WebShopping\\WebShopping\\obj\\Release\\Package\\PackageTmp$" />
  </parameter>
  <parameter name="ApplicationServices-Web.config Connection String" description="ApplicationServices データベースに接続するためにアプリケーションによって web.config で使用される接続文字列。" defaultValue="data source=.\SQLEXPRESS;Integrated Security=SSPI;AttachDBFilename=|DataDirectory|aspnetdb.mdf;User Instance=true" tags="SqlConnectionString">
    <parameterEntry kind="XmlFile" scope="obj\\Release\\Package\\PackageTmp\\Web\.config$" match="/configuration/connectionStrings/add[@name='ApplicationServices']/@connectionString" />
  </parameter>
  <parameter name="mvcdbConnectionString-Web.config Connection String" description="mvcdbConnectionString データベースに接続するためにアプリケーションによって web.config で使用される接続文字列。" defaultValue="Data Source=PC-15010\SQLEXPRESS;Initial Catalog=mvcdb;Persist Security Info=True;User ID=hero;Password=123" tags="SqlConnectionString">
    <parameterEntry kind="XmlFile" scope="obj\\Release\\Package\\PackageTmp\\Web\.config$" match="/configuration/connectionStrings/add[@name='mvcdbConnectionString']/@connectionString" />
  </parameter>
</parameters>